Question ID,Topic Tagged text
1,Array
1,Hash Table
2,Linked List
2,Math
2,Recursion
3,Hash Table
3,String
3,Sliding Window
4,Array
4,Binary Search
4,Divide and Conquer
5,String
5,Dynamic Programming
6,String
7,Math
8,String
9,Math
10,String
10,Dynamic Programming
10,Recursion
11,Array
11,Two Pointers
11,Greedy
12,Hash Table
12,Math
12,String
13,Hash Table
13,Math
13,String
14,String
102,Tree
102,Breadth-First Search
102,Binary Tree
103,Tree
103,Breadth-First Search
103,Binary Tree
104,Tree
104,Depth-First Search
104,Breadth-First Search
104,Binary Tree
105,Array
105,Hash Table
105,Divide and Conquer
105,Tree
105,Binary Tree
106,Array
106,Hash Table
106,Divide and Conquer
106,Tree
106,Binary Tree
107,Tree
107,Breadth-First Search
107,Binary Tree
108,Array
108,Divide and Conquer
108,Tree
108,Binary Search Tree
108,Binary Tree
109,Linked List
109,Divide and Conquer
109,Tree
109,Binary Search Tree
109,Binary Tree
110,Tree
110,Depth-First Search
110,Binary Tree
111,Tree
111,Depth-First Search
111,Breadth-First Search
111,Binary Tree
112,Tree
112,Depth-First Search
112,Breadth-First Search
112,Binary Tree
113,Backtracking
113,Tree
113,Depth-First Search
113,Binary Tree
114,Linked List
114,Stack
114,Tree
114,Depth-First Search
114,Binary Tree
115,String
115,Dynamic Programming
116,Linked List
116,Tree
116,Depth-First Search
116,Breadth-First Search
116,Binary Tree
117,Linked List
117,Tree
117,Depth-First Search
117,Breadth-First Search
117,Binary Tree
118,Array
118,Dynamic Programming
119,Array
119,Dynamic Programming
120,Array
120,Dynamic Programming
121,Array
121,Dynamic Programming
122,Array
122,Dynamic Programming
122,Greedy
123,Array
123,Dynamic Programming
124,Dynamic Programming
124,Tree
124,Depth-First Search
124,Binary Tree
125,Two Pointers
125,String
126,Hash Table
126,String
126,Backtracking
126,Breadth-First Search
127,Hash Table
127,String
127,Breadth-First Search
128,Array
128,Hash Table
128,Union Find
129,Tree
129,Depth-First Search
129,Binary Tree
130,Array
130,Depth-First Search
130,Breadth-First Search
130,Union Find
130,Matrix
131,String
131,Dynamic Programming
131,Backtracking
132,String
132,Dynamic Programming
133,Hash Table
133,Depth-First Search
133,Breadth-First Search
133,Graph
134,Array
134,Greedy
135,Array
135,Greedy
136,Array
136,Bit Manipulation
137,Array
137,Bit Manipulation
138,Hash Table
138,Linked List
139,Hash Table
139,String
139,Dynamic Programming
139,Trie
139,Memoization
140,Hash Table
140,String
140,Dynamic Programming
140,Backtracking
140,Trie
140,Memoization
141,Hash Table
141,Linked List
141,Two Pointers
142,Hash Table
142,Linked List
142,Two Pointers
143,Linked List
143,Two Pointers
143,Stack
143,Recursion
144,Stack
144,Tree
144,Depth-First Search
144,Binary Tree
145,Stack
145,Tree
145,Depth-First Search
145,Binary Tree
146,Hash Table
146,Linked List
146,Design
146,Doubly-Linked List
147,Linked List
147,Sorting
148,Linked List
148,Two Pointers
148,Divide and Conquer
148,Sorting
148,Merge Sort
149,Array
149,Hash Table
149,Math
149,Geometry
150,Array
150,Math
150,Stack
151,Two Pointers
151,String
152,Array
152,Dynamic Programming
153,Array
153,Binary Search
154,Array
154,Binary Search
155,Stack
155,Design
160,Hash Table
160,Linked List
160,Two Pointers
162,Array
162,Binary Search
164,Array
164,Sorting
164,Bucket Sort
164,Radix Sort
165,Two Pointers
165,String
166,Hash Table
166,Math
166,String
167,Array
167,Two Pointers
167,Binary Search
168,Math
168,String
169,Array
169,Hash Table
169,Divide and Conquer
169,Sorting
169,Counting
171,Math
171,String
172,Math
173,Stack
173,Tree
173,Design
173,Binary Search Tree
173,Binary Tree
173,Iterator
174,Array
174,Dynamic Programming
174,Matrix
179,String
179,Greedy
179,Sorting
187,Hash Table
187,String
187,Bit Manipulation
187,Sliding Window
187,Rolling Hash
187,Hash Function
188,Array
188,Dynamic Programming
189,Array
189,Math
189,Two Pointers
190,Divide and Conquer
190,Bit Manipulation
191,Bit Manipulation
198,Array
198,Dynamic Programming
199,Tree
199,Depth-First Search
199,Breadth-First Search
199,Binary Tree
200,Array
200,Depth-First Search
200,Breadth-First Search
200,Union Find
200,Matrix
201,Bit Manipulation
202,Hash Table
202,Math
202,Two Pointers
203,Linked List
203,Recursion
204,Array
204,Math
204,Enumeration
204,Number Theory
205,Hash Table
205,String
206,Linked List
206,Recursion
207,Depth-First Search
207,Breadth-First Search
207,Graph
207,Topological Sort
209,Array
209,Binary Search
209,Sliding Window
209,Prefix Sum
210,Depth-First Search
210,Breadth-First Search
210,Graph
210,Topological Sort
212,Array
212,String
212,Backtracking
212,Trie
212,Matrix
213,Array
213,Dynamic Programming
214,String
214,Rolling Hash
214,String Matching
214,Hash Function
215,Array
215,Divide and Conquer
215,Sorting
215,Heap (Priority Queue)
215,Quickselect
216,Array
216,Backtracking
217,Array
217,Hash Table
217,Sorting
218,Array
218,Divide and Conquer
218,Binary Indexed Tree
218,Segment Tree
218,Line Sweep
218,Heap (Priority Queue)
218,Ordered Set
219,Array
219,Hash Table
219,Sliding Window
220,Array
220,Sliding Window
220,Sorting
220,Bucket Sort
220,Ordered Set
221,Array
221,Dynamic Programming
221,Matrix
222,Binary Search
222,Tree
222,Depth-First Search
222,Binary Tree
223,Math
223,Geometry
224,Math
224,String
224,Stack
224,Recursion
226,Tree
226,Depth-First Search
226,Breadth-First Search
226,Binary Tree
227,Math
227,String
227,Stack
228,Array
229,Array
229,Hash Table
229,Sorting
229,Counting
230,Tree
230,Depth-First Search
230,Binary Search Tree
230,Binary Tree
231,Math
231,Bit Manipulation
231,Recursion
233,Math
233,Dynamic Programming
233,Recursion
234,Linked List
234,Two Pointers
234,Stack
234,Recursion
235,Tree
235,Depth-First Search
235,Binary Search Tree
235,Binary Tree
236,Tree
236,Depth-First Search
236,Binary Tree
237,Linked List
238,Array
238,Prefix Sum
239,Array
239,Queue
239,Sliding Window
239,Heap (Priority Queue)
239,Monotonic Queue
240,Array
240,Binary Search
240,Divide and Conquer
240,Matrix
241,Math
241,String
241,Dynamic Programming
241,Recursion
241,Memoization
242,Hash Table
242,String
242,Sorting
257,String
257,Backtracking
257,Tree
257,Depth-First Search
257,Binary Tree
258,Math
258,Simulation
258,Number Theory
260,Array
260,Bit Manipulation
263,Math
264,Hash Table
264,Math
264,Dynamic Programming
264,Heap (Priority Queue)
268,Array
268,Hash Table
268,Math
268,Bit Manipulation
268,Sorting
273,Math
273,String
273,Recursion
274,Array
274,Sorting
274,Counting Sort
275,Array
275,Binary Search
278,Binary Search
278,Interactive
279,Math
279,Dynamic Programming
279,Breadth-First Search
282,Math
282,String
282,Backtracking
283,Array
283,Two Pointers
287,Array
287,Two Pointers
287,Binary Search
287,Bit Manipulation
289,Array
289,Matrix
289,Simulation
290,Hash Table
290,String
292,Math
292,Brainteaser
292,Game Theory
299,Hash Table
299,String
299,Counting
300,Array
300,Binary Search
300,Dynamic Programming
301,String
301,Backtracking
301,Breadth-First Search
306,String
306,Backtracking
309,Array
309,Dynamic Programming
310,Depth-First Search
310,Breadth-First Search
310,Graph
310,Topological Sort
312,Array
312,Dynamic Programming
313,Array
313,Hash Table
313,Math
313,Dynamic Programming
313,Heap (Priority Queue)
315,Array
315,Binary Search
315,Divide and Conquer
315,Binary Indexed Tree
315,Segment Tree
315,Merge Sort
315,Ordered Set
316,String
316,Stack
316,Greedy
316,Monotonic Stack
318,Array
318,String
318,Bit Manipulation
319,Math
319,Brainteaser
321,Stack
321,Greedy
321,Monotonic Stack
322,Array
322,Dynamic Programming
322,Breadth-First Search
324,Array
324,Divide and Conquer
324,Sorting
324,Quickselect
326,Math
326,Recursion
327,Array
327,Binary Search
327,Divide and Conquer
327,Binary Indexed Tree
327,Segment Tree
327,Merge Sort
327,Ordered Set
328,Linked List
329,Dynamic Programming
329,Depth-First Search
329,Breadth-First Search
329,Graph
329,Topological Sort
329,Memoization
330,Array
330,Greedy
331,String
331,Stack
331,Tree
331,Binary Tree
332,Depth-First Search
332,Graph
332,Eulerian Circuit
334,Array
334,Greedy
335,Array
335,Math
335,Geometry
336,Array
336,Hash Table
336,String
336,Trie
337,Dynamic Programming
337,Tree
337,Depth-First Search
337,Binary Tree
338,Dynamic Programming
338,Bit Manipulation
342,Math
342,Bit Manipulation
342,Recursion
343,Math
343,Dynamic Programming
344,Two Pointers
344,String
344,Recursion
345,Two Pointers
345,String
347,Array
347,Hash Table
347,Divide and Conquer
347,Sorting
347,Heap (Priority Queue)
347,Bucket Sort
347,Counting
347,Quickselect
349,Array
349,Hash Table
349,Two Pointers
349,Binary Search
349,Sorting
350,Array
350,Hash Table
350,Two Pointers
350,Binary Search
350,Sorting
354,Array
354,Binary Search
354,Dynamic Programming
354,Sorting
357,Math
357,Dynamic Programming
357,Backtracking
363,Array
363,Binary Search
363,Dynamic Programming
363,Matrix
363,Ordered Set
365,Math
365,Depth-First Search
365,Breadth-First Search
367,Math
367,Binary Search
368,Array
368,Math
368,Dynamic Programming
368,Sorting
371,Math
371,Bit Manipulation
372,Math
372,Divide and Conquer
373,Array
373,Heap (Priority Queue)
374,Binary Search
374,Interactive
375,Math
375,Dynamic Programming
375,Game Theory
376,Array
376,Dynamic Programming
376,Greedy
377,Array
377,Dynamic Programming
378,Array
378,Binary Search
378,Sorting
378,Heap (Priority Queue)
378,Matrix
382,Linked List
382,Math
382,Reservoir Sampling
382,Randomized
383,Hash Table
383,String
383,Counting
384,Array
384,Math
384,Randomized
385,String
385,Stack
385,Depth-First Search
386,Depth-First Search
386,Trie
387,Hash Table
387,String
387,Queue
387,Counting
388,String
388,Stack
388,Depth-First Search
389,Hash Table
389,String
389,Bit Manipulation
389,Sorting
390,Math
391,Array
391,Line Sweep
392,Two Pointers
392,String
392,Dynamic Programming
393,Array
393,Bit Manipulation
394,String
394,Stack
394,Recursion
395,Hash Table
395,String
395,Divide and Conquer
395,Sliding Window
396,Array
396,Math
396,Dynamic Programming
397,Dynamic Programming
397,Greedy
397,Bit Manipulation
397,Memoization
398,Hash Table
398,Math
398,Reservoir Sampling
398,Randomized
399,Array
399,Depth-First Search
399,Breadth-First Search
399,Union Find
399,Graph
399,Shortest Path
400,Math
400,Binary Search
401,Backtracking
401,Bit Manipulation
402,String
402,Stack
402,Greedy
402,Monotonic Stack
403,Array
403,Dynamic Programming
404,Tree
404,Depth-First Search
404,Breadth-First Search
404,Binary Tree
405,Math
405,Bit Manipulation
406,Array
406,Greedy
406,Binary Indexed Tree
406,Segment Tree
406,Sorting
407,Array
407,Breadth-First Search
407,Heap (Priority Queue)
407,Matrix
409,Hash Table
409,String
409,Greedy
410,Array
410,Binary Search
410,Dynamic Programming
410,Greedy
412,Math
412,String
412,Simulation
413,Array
413,Dynamic Programming
414,Array
414,Sorting
415,Math
415,String
415,Simulation
416,Array
416,Dynamic Programming
417,Array
417,Depth-First Search
417,Breadth-First Search
417,Matrix
419,Array
419,Depth-First Search
419,Matrix
420,String
420,Greedy
420,Heap (Priority Queue)
421,Array
421,Hash Table
421,Bit Manipulation
421,Trie
423,Hash Table
423,Math
423,String
424,Hash Table
424,String
424,Sliding Window
433,Hash Table
433,String
433,Breadth-First Search
434,String
435,Array
435,Dynamic Programming
435,Greedy
435,Sorting
436,Array
436,Binary Search
436,Sorting
437,Tree
437,Depth-First Search
437,Binary Tree
438,Hash Table
438,String
438,Sliding Window
440,Trie
441,Math
441,Binary Search
442,Array
442,Hash Table
443,Two Pointers
443,String
445,Linked List
445,Math
445,Stack
446,Array
446,Dynamic Programming
447,Array
447,Hash Table
447,Math
448,Array
448,Hash Table
450,Tree
450,Binary Search Tree
450,Binary Tree
451,Hash Table
451,String
451,Sorting
451,Heap (Priority Queue)
451,Bucket Sort
451,Counting
452,Array
452,Greedy
452,Sorting
453,Array
453,Math
454,Array
454,Hash Table
455,Array
455,Greedy
455,Sorting
456,Array
456,Binary Search
456,Stack
456,Monotonic Stack
456,Ordered Set
457,Array
457,Hash Table
457,Two Pointers
458,Math
458,Dynamic Programming
458,Combinatorics
459,String
459,String Matching
461,Bit Manipulation
462,Array
462,Math
462,Sorting
463,Array
463,Depth-First Search
463,Breadth-First Search
463,Matrix
464,Math
464,Dynamic Programming
464,Bit Manipulation
464,Memoization
464,Game Theory
464,Bitmask
466,String
466,Dynamic Programming
467,String
467,Dynamic Programming
468,String
472,Array
472,String
472,Dynamic Programming
472,Depth-First Search
472,Trie
473,Array
473,Dynamic Programming
473,Backtracking
473,Bit Manipulation
473,Bitmask
474,Array
474,String
474,Dynamic Programming
475,Array
475,Two Pointers
475,Binary Search
475,Sorting
476,Bit Manipulation
477,Array
477,Math
477,Bit Manipulation
479,Math
480,Array
480,Hash Table
480,Sliding Window
480,Heap (Priority Queue)
481,Two Pointers
481,String
482,String
483,Math
483,Binary Search
485,Array
486,Array
486,Math
486,Dynamic Programming
486,Recursion
486,Game Theory
488,String
488,Dynamic Programming
488,Breadth-First Search
488,Memoization
491,Array
491,Hash Table
491,Backtracking
491,Bit Manipulation
492,Math
493,Array
493,Binary Search
493,Divide and Conquer
493,Binary Indexed Tree
493,Segment Tree
493,Merge Sort
493,Ordered Set
494,Array
494,Dynamic Programming
494,Backtracking
495,Array
495,Simulation
496,Array
496,Hash Table
496,Stack
496,Monotonic Stack
498,Array
498,Matrix
498,Simulation
500,Array
500,Hash Table
500,String
501,Tree
501,Depth-First Search
501,Binary Search Tree
501,Binary Tree
502,Array
502,Greedy
502,Sorting
502,Heap (Priority Queue)
503,Array
503,Stack
503,Monotonic Stack
504,Math
506,Array
506,Sorting
506,Heap (Priority Queue)
507,Math
508,Hash Table
508,Tree
508,Depth-First Search
508,Binary Tree
509,Tree
509,Binary Search Tree
509,Binary Tree
513,Tree
513,Depth-First Search
513,Breadth-First Search
513,Binary Tree
514,String
514,Dynamic Programming
514,Depth-First Search
514,Breadth-First Search
515,Tree
515,Depth-First Search
515,Breadth-First Search
515,Binary Tree
516,String
516,Dynamic Programming
517,Array
517,Greedy
518,Array
518,Dynamic Programming
519,Array
519,Hash Table
519,Prefix Sum
520,String
521,String
522,Array
522,Hash Table
522,Two Pointers
522,String
522,Sorting
523,Array
523,Hash Table
523,Math
523,Prefix Sum
524,Array
524,Two Pointers
524,String
524,Sorting
525,Array
525,Hash Table
525,Prefix Sum
526,Array
526,Dynamic Programming
526,Backtracking
526,Bit Manipulation
526,Bitmask
528,Linked List
528,Two Pointers
529,Array
529,Depth-First Search
529,Breadth-First Search
529,Matrix
530,Tree
530,Depth-First Search
530,Breadth-First Search
530,Binary Search Tree
530,Binary Tree
532,Array
532,Hash Table
532,Two Pointers
532,Binary Search
532,Sorting
537,Math
537,String
537,Simulation
538,Tree
538,Depth-First Search
538,Binary Search Tree
538,Binary Tree
539,Array
539,Math
539,String
539,Sorting
540,Array
540,Binary Search
541,Two Pointers
541,String
542,Array
542,Dynamic Programming
542,Breadth-First Search
542,Matrix
543,Tree
543,Depth-First Search
543,Binary Tree
546,Array
546,Dynamic Programming
546,Memoization
547,Depth-First Search
547,Breadth-First Search
547,Union Find
547,Graph
551,String
552,Dynamic Programming
553,Array
553,Math
553,Dynamic Programming
554,Array
554,Hash Table
556,Math
556,Two Pointers
556,String
557,Two Pointers
557,String
560,Array
560,Hash Table
560,Prefix Sum
561,Array
561,Greedy
561,Sorting
561,Counting Sort
563,Tree
563,Depth-First Search
563,Binary Tree
564,Math
564,String
565,Array
565,Depth-First Search
566,Array
566,Matrix
566,Simulation
567,Hash Table
567,Two Pointers
567,String
567,Sliding Window
572,Tree
572,Depth-First Search
572,String Matching
572,Binary Tree
572,Hash Function
575,Array
575,Hash Table
576,Dynamic Programming
581,Array
581,Two Pointers
581,Stack
581,Greedy
581,Sorting
581,Monotonic Stack
583,String
583,Dynamic Programming
587,Array
587,Math
587,Geometry
591,String
591,Stack
592,Math
592,String
592,Simulation
593,Math
593,Geometry
594,Array
594,Hash Table
594,Sorting
598,Array
598,Math
599,Array
599,Hash Table
599,String
600,Dynamic Programming
605,Array
605,Greedy
606,String
606,Tree
606,Depth-First Search
606,Binary Tree
609,Array
609,Hash Table
609,String
611,Array
611,Two Pointers
611,Binary Search
611,Greedy
611,Sorting
617,Tree
617,Depth-First Search
617,Breadth-First Search
617,Binary Tree
621,Array
621,Hash Table
621,Greedy
621,Sorting
621,Heap (Priority Queue)
621,Counting
623,Tree
623,Depth-First Search
623,Breadth-First Search
623,Binary Tree
628,Array
628,Math
628,Sorting
629,Dynamic Programming
630,Array
630,Greedy
630,Heap (Priority Queue)
632,Array
632,Hash Table
632,Greedy
632,Sliding Window
632,Sorting
632,Heap (Priority Queue)
633,Math
633,Two Pointers
633,Binary Search
636,Array
636,Stack
637,Tree
637,Depth-First Search
637,Breadth-First Search
637,Binary Tree
638,Array
638,Dynamic Programming
638,Backtracking
638,Bit Manipulation
638,Memoization
638,Bitmask
639,String
639,Dynamic Programming
640,Math
640,String
640,Simulation
643,Array
643,Sliding Window
645,Array
645,Hash Table
645,Bit Manipulation
645,Sorting
646,Array
646,Dynamic Programming
646,Greedy
646,Sorting
647,String
647,Dynamic Programming
648,Array
648,Hash Table
648,String
648,Trie
649,String
649,Greedy
649,Queue
650,Math
650,Dynamic Programming
652,Hash Table
652,Tree
652,Depth-First Search
652,Binary Tree
653,Hash Table
653,Two Pointers
653,Tree
653,Depth-First Search
653,Breadth-First Search
653,Binary Search Tree
653,Binary Tree
654,Array
654,Divide and Conquer
654,Stack
654,Tree
654,Monotonic Stack
654,Binary Tree
655,Tree
655,Depth-First Search
655,Breadth-First Search
655,Binary Tree
657,String
657,Simulation
658,Array
658,Two Pointers
658,Binary Search
658,Sorting
658,Heap (Priority Queue)
659,Array
659,Hash Table
659,Greedy
659,Heap (Priority Queue)
661,Array
661,Matrix
662,Tree
662,Depth-First Search
662,Breadth-First Search
662,Binary Tree
664,String
664,Dynamic Programming
665,Array
667,Array
667,Math
668,Binary Search
669,Tree
669,Depth-First Search
669,Binary Search Tree
669,Binary Tree
670,Math
670,Greedy
671,Tree
671,Depth-First Search
671,Binary Tree
672,Math
672,Bit Manipulation
672,Depth-First Search
672,Breadth-First Search
673,Array
673,Dynamic Programming
673,Binary Indexed Tree
673,Segment Tree
674,Array
675,Array
675,Breadth-First Search
675,Heap (Priority Queue)
675,Matrix
678,String
678,Dynamic Programming
678,Stack
678,Greedy
680,Two Pointers
680,String
680,Greedy
682,Array
682,Stack
682,Simulation
684,Depth-First Search
684,Breadth-First Search
684,Union Find
684,Graph
686,String
686,String Matching
687,Tree
687,Depth-First Search
687,Binary Tree
688,Dynamic Programming
689,Array
689,Dynamic Programming
690,Hash Table
690,Depth-First Search
690,Breadth-First Search
691,Dynamic Programming
691,Backtracking
691,Bit Manipulation
691,Bitmask
692,Hash Table
692,String
692,Trie
692,Sorting
692,Heap (Priority Queue)
692,Bucket Sort
692,Counting
693,Bit Manipulation
695,Array
695,Depth-First Search
695,Breadth-First Search
695,Union Find
695,Matrix
696,Two Pointers
696,String
697,Array
697,Hash Table
698,Array
698,Dynamic Programming
698,Backtracking
698,Bit Manipulation
698,Memoization
698,Bitmask
699,Array
699,Segment Tree
699,Ordered Set
712,String
712,Dynamic Programming
713,Array
713,Sliding Window
714,Array
714,Dynamic Programming
714,Greedy
717,Array
718,Array
718,Binary Search
718,Dynamic Programming
718,Sliding Window
718,Rolling Hash
718,Hash Function
719,Array
719,Two Pointers
719,Binary Search
719,Sorting
720,Array
720,Hash Table
720,String
720,Trie
720,Sorting
721,Array
721,String
721,Depth-First Search
721,Breadth-First Search
721,Union Find
722,Array
722,String
724,Array
724,Prefix Sum
725,Linked List
726,Hash Table
726,String
726,Stack
726,Sorting
728,Math
729,Design
729,Segment Tree
729,Ordered Set
730,String
730,Dynamic Programming
733,Array
733,Depth-First Search
733,Breadth-First Search
733,Matrix
735,Array
735,Stack
736,Hash Table
736,String
736,Stack
736,Recursion
738,Math
738,Greedy
739,Array
739,Stack
739,Monotonic Stack
740,Array
740,Hash Table
740,Dynamic Programming
741,Array
741,Dynamic Programming
741,Matrix
743,Tree
743,Depth-First Search
743,Breadth-First Search
743,Binary Tree
744,Depth-First Search
744,Breadth-First Search
744,Graph
744,Heap (Priority Queue)
744,Shortest Path
746,String
746,Design
746,Trie
747,Array
747,Dynamic Programming
748,Array
748,Sorting
749,Array
749,Hash Table
749,String
752,String
752,Bit Manipulation
753,Array
753,Hash Table
753,String
753,Breadth-First Search
754,Depth-First Search
754,Graph
754,Eulerian Circuit
756,Array
756,Simulation
757,Bit Manipulation
757,Depth-First Search
757,Breadth-First Search
761,Array
761,Sorting
761,Heap (Priority Queue)
762,Array
762,Hash Table
763,String
763,Recursion
764,Tree
764,Breadth-First Search
765,String
765,Tree
765,Depth-First Search
765,Breadth-First Search
766,Linked List
766,Depth-First Search
766,Doubly-Linked List
767,Math
767,Bit Manipulation
768,Hash Table
768,Two Pointers
768,String
768,Greedy
769,Array
769,Dynamic Programming
771,Tree
771,Depth-First Search
771,Breadth-First Search
771,Design
771,Binary Tree
773,Divide and Conquer
773,Tree
775,Stack
775,Tree
775,Depth-First Search
777,Array
777,Matrix
778,Hash Table
778,String
778,Greedy
778,Sorting
778,Heap (Priority Queue)
778,Counting
779,Array
779,Stack
779,Greedy
779,Sorting
779,Monotonic Stack
780,Array
780,Stack
780,Greedy
780,Sorting
780,Monotonic Stack
781,Hash Table
781,Math
781,String
781,Stack
781,Recursion
782,Hash Table
782,String
783,Tree
783,Binary Search Tree
783,Binary Tree
784,Tree
784,Binary Search Tree
784,Binary Tree
785,Math
785,String
785,Stack
785,Recursion
786,Array
786,Binary Search
786,Interactive
787,Array
787,Breadth-First Search
787,Matrix
788,Array
788,Binary Search
789,Tree
789,Design
789,Binary Search Tree
789,Heap (Priority Queue)
789,Binary Tree
789,Data Stream
790,Array
790,Math
791,Tree
791,Binary Search Tree
791,Recursion
791,Binary Tree
792,Array
792,Binary Search
793,Two Pointers
793,String
794,Array
794,Binary Search
794,Depth-First Search
794,Breadth-First Search
794,Union Find
794,Heap (Priority Queue)
794,Matrix
795,Math
795,Bit Manipulation
795,Recursion
796,Math
797,Array
797,Hash Table
797,Math
797,Greedy
798,Array
798,Math
798,Bit Manipulation
798,Matrix
799,Tree
799,Depth-First Search
799,Breadth-First Search
799,Binary Search Tree
799,Binary Tree
801,Depth-First Search
801,Breadth-First Search
801,Union Find
801,Graph
802,Array
802,Binary Search
802,Heap (Priority Queue)
804,Math
804,Dynamic Programming
805,Array
805,Math
806,Dynamic Programming
807,Hash Table
807,String
807,Sorting
808,Hash Table
808,String
808,Trie
808,Sorting
809,Math
809,Binary Search
810,Array
810,String
811,Array
811,Two Pointers
812,String
812,String Matching
813,Backtracking
813,Depth-First Search
813,Breadth-First Search
813,Graph
814,Array
814,Prefix Sum
815,Dynamic Programming
816,Array
816,Hash Table
816,Linked List
816,Design
816,Hash Function
817,Array
817,Hash Table
817,Linked List
817,Design
817,Hash Function
818,Math
818,String
818,Enumeration
819,Array
819,Dynamic Programming
820,Depth-First Search
820,Breadth-First Search
820,Graph
820,Topological Sort
821,Array
821,Union Find
821,Matrix
822,Array
822,Hash Table
822,String
823,Array
823,Math
823,Dynamic Programming
823,Bit Manipulation
823,Bitmask
824,Array
824,String
825,Array
825,Greedy
825,Matrix
826,Math
826,Dynamic Programming
826,Probability and Statistics
827,Array
827,Two Pointers
827,String
828,Array
828,Math
828,Bit Manipulation
828,Brainteaser
828,Game Theory
829,Array
829,Hash Table
829,String
829,Counting
830,Array
830,Math
830,Geometry
831,Array
831,Dynamic Programming
832,Tree
832,Depth-First Search
832,Binary Tree
833,Array
833,Hash Table
833,Breadth-First Search
834,String
834,Backtracking
835,Hash Table
835,Linked List
836,Dynamic Programming
837,Hash Table
837,String
837,Counting
838,Linked List
838,Design
839,Array
839,Hash Table
839,String
839,Trie
841,Array
841,Two Pointers
841,String
842,Array
842,Hash Table
843,Array
843,Hash Table
843,Dynamic Programming
850,Linked List
851,String
852,Array
852,Two Pointers
852,Binary Search
852,Sorting
853,Array
853,Two Pointers
853,Binary Search
853,Greedy
853,Sorting
854,Array
854,Depth-First Search
854,Breadth-First Search
854,Union Find
854,Matrix
856,Math
856,Enumeration
857,String
858,String
859,Array
859,Linked List
859,Design
859,Queue
860,Array
860,Linked List
860,Design
860,Queue
861,Array
861,Two Pointers
861,Matrix
861,Simulation
862,Array
862,String
862,Sorting
863,Dynamic Programming
863,Tree
863,Depth-First Search
863,Graph
864,Array
864,Matrix
865,Backtracking
865,Interactive
866,Math
866,Geometry
867,Math
867,Dynamic Programming
867,Sliding Window
867,Probability and Statistics
868,Two Pointers
868,String
868,Dynamic Programming
869,Array
869,String
869,Depth-First Search
869,Breadth-First Search
869,Union Find
870,Array
870,Math
870,Matrix
871,Depth-First Search
871,Breadth-First Search
871,Graph
872,String
872,Backtracking
873,Array
873,Math
873,String
873,Interactive
873,Game Theory
874,Two Pointers
874,String
874,Stack
874,Simulation
875,Array
875,Two Pointers
875,Dynamic Programming
875,Enumeration
876,Array
876,Hash Table
876,Greedy
876,Sorting
877,Dynamic Programming
877,Bit Manipulation
877,Breadth-First Search
877,Graph
877,Bitmask
878,Array
878,String
879,Array
880,Array
880,Segment Tree
880,Line Sweep
880,Ordered Set
881,Array
881,Depth-First Search
881,Graph
881,Topological Sort
882,Array
882,Binary Search
883,Array
883,Stack
883,Sorting
883,Monotonic Stack
884,String
884,Breadth-First Search
885,Design
885,Ordered Set
886,String
886,Stack
887,Array
887,Greedy
887,Sorting
887,Heap (Priority Queue)
888,Math
888,Geometry
889,Hash Table
889,String
890,Array
890,Greedy
891,Array
891,Greedy
891,Bit Manipulation
891,Matrix
892,Array
892,Binary Search
892,Queue
892,Sliding Window
892,Heap (Priority Queue)
892,Prefix Sum
892,Monotonic Queue
893,Tree
893,Depth-First Search
893,Breadth-First Search
893,Binary Tree
894,Hash Table
894,Math
894,Binary Search
894,Sorting
894,Randomized
896,Hash Table
896,Tree
896,Depth-First Search
896,Breadth-First Search
896,Binary Tree
897,Math
898,Array
898,Matrix
898,Simulation
899,Math
899,Bit Manipulation
902,Array
902,Dynamic Programming
902,Greedy
902,Heap (Priority Queue)
903,Math
903,Rejection Sampling
903,Randomized
903,Probability and Statistics
904,Tree
904,Depth-First Search
904,Binary Tree
905,Array
905,Hash Table
905,Dynamic Programming
906,Array
906,Simulation
907,Array
907,Binary Search
908,Linked List
908,Two Pointers
909,Array
909,Math
909,Dynamic Programming
909,Game Theory
910,Math
910,Binary Search
912,Math
912,Binary Search
912,Prefix Sum
912,Randomized
913,Hash Table
913,Math
913,Reservoir Sampling
913,Randomized
914,Math
914,Binary Search
914,Reservoir Sampling
914,Prefix Sum
914,Ordered Set
914,Randomized
915,Math
915,Geometry
915,Rejection Sampling
915,Randomized
916,String
916,Stack
917,Array
917,Two Pointers
917,Greedy
917,Sorting
918,Graph
918,Heap (Priority Queue)
918,Shortest Path
920,Hash Table
920,String
921,Array
921,Matrix
921,Simulation
922,Depth-First Search
922,Breadth-First Search
922,Union Find
922,Graph
923,Math
923,Binary Search
923,Dynamic Programming
924,Array
924,Hash Table
924,Binary Search
924,Sorting
925,Array
925,Hash Table
925,Divide and Conquer
925,Tree
925,Binary Tree
926,Array
926,Hash Table
926,String
927,Array
927,Math
927,Sorting
928,Array
928,Math
928,Geometry
928,Matrix
929,Array
929,Hash Table
929,String
930,Dynamic Programming
930,Tree
930,Recursion
930,Memoization
930,Binary Tree
931,Hash Table
931,Stack
931,Design
931,Ordered Set
932,Array
934,Array
934,Dynamic Programming
934,Bit Manipulation
935,Math
935,String
935,Sorting
936,Array
936,Design
936,Counting
936,Iterator
937,Stack
937,Design
937,Monotonic Stack
937,Data Stream
938,Array
938,Math
938,Binary Search
938,Dynamic Programming
939,Dynamic Programming
940,Array
940,Hash Table
940,Sliding Window
941,Array
941,Two Pointers
941,Sorting
942,Math
942,Enumeration
943,Array
943,Dynamic Programming
943,Stack
943,Monotonic Stack
944,Array
944,Math
945,Array
945,Breadth-First Search
945,Matrix
946,Array
946,Math
946,Greedy
946,Sorting
947,Array
947,Hash Table
947,Binary Search
947,Design
948,Array
948,Divide and Conquer
948,Sorting
948,Heap (Priority Queue)
948,Merge Sort
948,Bucket Sort
948,Radix Sort
948,Counting Sort
949,Math
949,Dynamic Programming
949,Breadth-First Search
949,Graph
949,Memoization
949,Game Theory
950,Array
950,Hash Table
950,Math
950,Counting
950,Number Theory
951,Array
952,Array
952,Hash Table
952,String
953,Two Pointers
953,String
954,Array
954,Divide and Conquer
954,Dynamic Programming
954,Queue
954,Monotonic Queue
955,Tree
955,Breadth-First Search
955,Design
955,Binary Tree
956,Math
956,Dynamic Programming
956,Combinatorics
957,String
957,Stack
957,Greedy
958,Array
958,Two Pointers
958,Sorting
959,Array
959,Hash Table
959,Two Pointers
959,Sorting
959,Counting
960,Array
960,Depth-First Search
960,Breadth-First Search
960,Union Find
960,Matrix
961,Two Pointers
961,String
962,String
962,Dynamic Programming
963,Array
963,Math
964,Array
964,Depth-First Search
964,Breadth-First Search
964,Union Find
964,Matrix
965,Array
965,Hash Table
965,String
966,Array
966,Hash Table
966,Sliding Window
966,Prefix Sum
967,Array
967,Dynamic Programming
967,Matrix
968,Array
968,Math
968,Divide and Conquer
969,Design
969,Queue
969,Data Stream
971,Array
971,Depth-First Search
971,Breadth-First Search
971,Matrix
972,Dynamic Programming
973,String
973,Stack
973,Greedy
973,Queue
974,Array
974,String
974,Sorting
975,Tree
975,Depth-First Search
975,Binary Search Tree
975,Binary Tree
976,Array
976,Hash Table
976,Math
976,Geometry
976,Sorting
977,String
977,Dynamic Programming
978,Array
979,Array
979,Math
979,Two Pointers
979,String
979,Greedy
980,Array
980,String
980,Dynamic Programming
980,Bit Manipulation
980,Bitmask
982,Array
982,Greedy
982,Sorting
982,Counting
983,Array
983,Stack
983,Simulation
984,Depth-First Search
984,Union Find
984,Graph
985,Array
985,Two Pointers
985,Greedy
985,Sorting
986,String
986,Enumeration
987,Array
987,Queue
987,Sorting
987,Simulation
988,Tree
988,Depth-First Search
988,Binary Tree
989,Array
989,Math
989,Union Find
990,Array
990,Hash Table
990,String
991,Array
991,Hash Table
991,Greedy
991,Sorting
992,Array
992,String
992,Greedy
993,Array
993,Dynamic Programming
994,Array
994,Hash Table
994,Math
994,Bit Manipulation
998,Tree
998,Breadth-First Search
998,Binary Tree
999,Depth-First Search
999,Breadth-First Search
999,Union Find
999,Graph
1000,Array
1000,String
1000,Dynamic Programming
1001,Array
1001,Hash Table
1002,Array
1002,Stack
1002,Monotonic Stack
1003,Array
1003,Math
1003,Geometry
1004,Math
1004,Dynamic Programming
1005,Tree
1005,Depth-First Search
1005,Breadth-First Search
1005,Binary Tree
1006,Array
1006,Hash Table
1006,String
1007,Backtracking
1007,Breadth-First Search
1008,Dynamic Programming
1008,Tree
1008,Depth-First Search
1008,Binary Tree
1009,Array
1009,Two Pointers
1009,Greedy
1009,Sorting
1010,Hash Table
1010,Math
1011,Tree
1011,Depth-First Search
1011,Binary Tree
1012,Math
1012,String
1013,Math
1013,Dynamic Programming
1013,Recursion
1013,Memoization
1014,Array
1014,Math
1014,Divide and Conquer
1014,Geometry
1014,Sorting
1014,Heap (Priority Queue)
1014,Quickselect
1016,Array
1016,Hash Table
1016,Prefix Sum
1017,Array
1017,Dynamic Programming
1017,Stack
1017,Monotonic Stack
1017,Ordered Set
1018,Array
1018,Math
1018,Greedy
1018,Sorting
1019,Array
1019,Two Pointers
1019,Sorting
1020,Array
1020,Dynamic Programming
1020,Sliding Window
1021,Tree
1021,Depth-First Search
1021,Binary Tree
1022,Array
1022,Backtracking
1022,Bit Manipulation
1022,Matrix
1023,Hash Table
1023,String
1023,Binary Search
1023,Design
1024,Array
1024,Hash Table
1024,Bit Manipulation
1025,Array
1025,Dynamic Programming
1026,String
1026,Greedy
1027,Array
1027,Simulation
1028,Array
1028,Two Pointers
1029,Hash Table
1029,Tree
1029,Depth-First Search
1029,Breadth-First Search
1029,Binary Tree
1030,String
1030,Tree
1030,Depth-First Search
1030,Binary Tree
1031,Array
1031,Math
1033,Math
1033,Greedy
1034,Array
1034,Hash Table
1034,Sliding Window
1034,Counting
1035,Tree
1035,Depth-First Search
1035,Breadth-First Search
1035,Binary Tree
1036,Array
1036,Breadth-First Search
1036,Matrix
1037,Array
1037,Bit Manipulation
1037,Sliding Window
1037,Prefix Sum
1038,Array
1038,Math
1038,Dynamic Programming
1038,Backtracking
1038,Bit Manipulation
1038,Bitmask
1039,Array
1039,Hash Table
1039,Graph
1040,Tree
1040,Binary Tree
1041,Array
1041,Matrix
1041,Simulation
1042,Array
1042,Dynamic Programming
1043,Array
1043,Hash Table
1044,Array
1044,Hash Table
1044,String
1046,Array
1046,Binary Search
1046,Sliding Window
1046,Prefix Sum
1047,Array
1047,Greedy
1047,Sorting
1048,Math
1048,Stack
1048,Simulation
1049,Array
1049,Greedy
1051,String
1051,Dynamic Programming
1051,Greedy
1052,Array
1052,Greedy
1052,Sorting
1053,Array
1053,Math
1053,String
1053,Greedy
1054,Bit Manipulation
1071,Array
1072,Array
1072,Linked List
1072,Stack
1072,Monotonic Stack
1073,Array
1073,Depth-First Search
1073,Breadth-First Search
1073,Union Find
1073,Matrix
1074,Array
1074,Hash Table
1074,Sorting
1078,String
1078,Stack
1079,Tree
1079,Depth-First Search
1079,Binary Tree
1080,Two Pointers
1080,String
1080,Trie
1080,String Matching
1081,Array
1081,Dynamic Programming
1081,Greedy
1089,String
1090,Math
1091,Tree
1091,Depth-First Search
1091,Binary Tree
1092,Tree
1092,Depth-First Search
1092,Binary Tree
1093,String
1093,Tree
1093,Depth-First Search
1093,Binary Tree
1094,Array
1094,Math
1094,Geometry
1094,Sorting
1094,Matrix
1095,Array
1095,Greedy
1095,Sorting
1096,Array
1096,Dynamic Programming
1096,Sliding Window
1103,Math
1103,Brainteaser
1104,Array
1104,Depth-First Search
1104,Breadth-First Search
1104,Matrix
1105,Array
1105,Dynamic Programming
1106,Array
1106,Hash Table
1106,Depth-First Search
1106,Breadth-First Search
1108,Array
1108,Hash Table
1108,Sorting
1111,Array
1111,Dynamic Programming
1122,String
1122,Binary Search
1122,Sliding Window
1122,Rolling Hash
1122,Suffix Array
1122,Hash Function
1123,Hash Table
1123,String
1124,Hash Table
1124,String
1125,Hash Table
1125,String
1125,Design
1125,Trie
1128,String
1128,Stack
1129,Array
1129,Hash Table
1129,Two Pointers
1129,String
1129,Dynamic Programming
1130,Array
1130,Dynamic Programming
1131,Math
1131,String
1137,Array
1137,Sorting
1137,Counting Sort
1138,Array
1138,Sliding Window
1139,Array
1139,Greedy
1140,Array
1140,Hash Table
1140,Greedy
1140,Sorting
1140,Heap (Priority Queue)
1140,Counting
1143,Array
1143,Hash Table
1143,Binary Search
1143,Matrix
1143,Counting
1144,Union Find
1144,Graph
1144,Minimum Spanning Tree
1145,Array
1145,Hash Table
1145,Matrix
1145,Prefix Sum
1147,Array
1147,Hash Table
1147,Matrix
1154,Database
1155,Database
1156,String
1160,String
1160,Backtracking
1161,Database
1162,Database
1163,Database
1169,Array
1169,Hash Table
1169,Greedy
1169,Sorting
1169,Counting
1170,String
1170,Dynamic Programming
1171,Array
1171,Breadth-First Search
1171,Matrix
1175,Array
1175,Simulation
1177,Tree
1177,Depth-First Search
1177,Breadth-First Search
1178,String
1178,Dynamic Programming
1184,Array
1184,Sorting
1184,Heap (Priority Queue)
1184,Simulation
1184,Prefix Sum
1185,Array
1185,Binary Search
1185,Interactive
1186,Concurrency
1187,Concurrency
1189,Math
1189,String
1189,Bit Manipulation
1190,Array
1190,Hash Table
1190,String
1190,Tree
1190,Depth-First Search
1190,Breadth-First Search
1191,Array
1191,Hash Table
1191,String
1191,Backtracking
1191,Union Find
1192,Array
1192,Binary Search
1200,Array
1201,Tree
1201,Depth-First Search
1201,Breadth-First Search
1202,Array
1202,Dynamic Programming
1203,Concurrency
1207,Tree
1207,Depth-First Search
1207,Binary Tree
1208,String
1208,Stack
1209,Concurrency
1210,Array
1210,Sorting
1217,Array
1217,Hash Table
1217,Sorting
1217,Counting Sort
1218,Hash Table
1218,Tree
1218,Depth-First Search
1218,Breadth-First Search
1218,Binary Tree
1219,Array
1219,Hash Table
1219,Stack
1219,Monotonic Stack
1219,Prefix Sum
1220,Array
1220,Dynamic Programming
1220,Bit Manipulation
1220,Bitmask
1221,Array
1222,Array
1222,Sorting
1223,Array
1223,Math
1223,Union Find
1224,Array
1224,Dynamic Programming
1224,Matrix
1227,Array
1227,Hash Table
1227,Counting
1232,Array
1232,Binary Search
1232,Sorting
1233,Array
1233,Divide and Conquer
1233,Interactive
1234,Array
1234,Dynamic Programming
1234,Matrix
1237,Database
1238,Hash Table
1238,String
1239,Array
1239,Dynamic Programming
1239,Matrix
1240,Array
1240,Math
1240,Dynamic Programming
1240,Game Theory
1247,Array
1247,Greedy
1248,Tree
1248,Depth-First Search
1248,Binary Tree
1249,Array
1249,Hash Table
1249,Binary Search
1249,Design
1250,String
1250,Dynamic Programming
1252,String
1252,Greedy
1253,Array
1253,Sorting
1253,Matrix
1254,Tree
1254,Depth-First Search
1254,Breadth-First Search
1254,Binary Tree
1255,Array
1255,Math
1255,Greedy
1260,Math
1260,String
1262,Array
1262,Binary Search
1262,Design
1262,Binary Indexed Tree
1262,Segment Tree
1263,Dynamic Programming
1267,Hash Table
1267,Linked List
1268,Database
1269,Database
1275,Tree
1275,Depth-First Search
1275,Breadth-First Search
1275,Union Find
1275,Graph
1275,Binary Tree
1276,Math
1277,Array
1277,Dynamic Programming
1277,Greedy
1278,Database
1281,Hash Table
1281,String
1281,Bit Manipulation
1281,Prefix Sum
1282,Array
1282,Hash Table
1282,String
1282,Bit Manipulation
1282,Trie
1283,String
1284,Array
1284,Math
1287,Array
1288,Array
1288,Dynamic Programming
1289,Math
1290,Array
1290,Binary Search
1290,Dynamic Programming
1291,Database
1292,Database
1293,Array
1295,Math
1295,Binary Search
1296,Binary Search
1296,Dynamic Programming
1296,Tree
1296,Depth-First Search
1296,Breadth-First Search
1296,Design
1297,Hash Table
1297,String
1297,Counting
1298,String
1298,Stack
1299,Array
1299,Dynamic Programming
1300,Depth-First Search
1300,Graph
1300,Biconnected Component
1301,Database
1302,String
1304,String
1304,Greedy
1304,Heap (Priority Queue)
1305,Array
1305,Stack
1305,Monotonic Stack
1306,Array
1306,Sorting
1307,Math
1307,Binary Search
1307,Number Theory
1309,Depth-First Search
1309,Breadth-First Search
1309,Graph
1309,Topological Sort
1310,Array
1311,Array
1311,Matrix
1311,Prefix Sum
1312,Array
1312,Hash Table
1312,Simulation
1313,Math
1313,Dynamic Programming
1313,Tree
1313,Graph
1313,Topological Sort
1313,Combinatorics
1316,Concurrency
1317,Database
1318,Database
1319,Array
1319,Hash Table
1320,String
1320,Stack
1324,Array
1324,Dynamic Programming
1324,Depth-First Search
1324,Matrix
1324,Simulation
1325,Graph
1325,Heap (Priority Queue)
1325,Shortest Path
1326,Array
1326,Math
1326,Binary Search
1326,Prefix Sum
1328,Database
1329,Array
1329,Math
1329,Greedy
1330,Array
1330,Hash Table
1330,Dynamic Programming
1331,Array
1331,Backtracking
1331,Matrix
1332,Dynamic Programming
1333,Array
1333,Sorting
1335,Array
1335,Binary Search
1337,Linked List
1337,Design
1338,Database
1339,Database
1340,Concurrency
1342,Array
1342,Matrix
1342,Simulation
1343,Array
1343,Dynamic Programming
1344,Array
1344,Hash Table
1345,Array
1345,Math
1345,String
1346,Array
1346,Greedy
1347,Depth-First Search
1347,Breadth-First Search
1347,Union Find
1347,Graph
1349,Array
1349,Math
1349,Geometry
1351,String
1351,Sliding Window
1354,Array
1354,Hash Table
1354,Sorting
1354,Counting
1356,Two Pointers
1356,String
1356,Greedy
1356,Binary Indexed Tree
1358,Math
1358,Two Pointers
1358,Binary Search
1358,Interactive
1359,Math
1359,Backtracking
1359,Bit Manipulation
1360,Array
1360,String
1360,Backtracking
1360,Bit Manipulation
1361,Dynamic Programming
1361,Backtracking
1362,Math
1362,Dynamic Programming
1362,Brainteaser
1362,Probability and Statistics
1366,Array
1366,Hash Table
1366,Design
1366,Queue
1366,Data Stream
1367,Array
1367,Dynamic Programming
1367,Sorting
1368,Depth-First Search
1368,Breadth-First Search
1368,Concurrency
1370,Array
1370,Hash Table
1370,Math
1370,Sliding Window
1371,String
1371,Stack
1372,Array
1372,Math
1372,Number Theory
1374,Array
1374,Binary Search
1374,Matrix
1374,Interactive
1375,Array
1375,Math
1377,Database
1379,Array
1379,Greedy
1379,Matrix
1380,Array
1380,Depth-First Search
1380,Breadth-First Search
1380,Union Find
1380,Matrix
1383,Math
1385,Math
1385,Dynamic Programming
1386,Array
1386,Matrix
1386,Simulation
1387,Hash Table
1387,Tree
1387,Depth-First Search
1387,Breadth-First Search
1387,Design
1387,Binary Tree
1388,Array
1388,Dynamic Programming
1388,Greedy
1389,Array
1389,Breadth-First Search
1389,Heap (Priority Queue)
1389,Matrix
1390,Database
1391,Array
1391,Hash Table
1392,Array
1392,Hash Table
1395,Array
1395,Math
1395,Geometry
1397,Array
1397,String
1397,Trie
1399,Database
1400,Array
1400,Hash Table
1400,Matrix
1400,Simulation
1401,Math
1402,Array
1402,Dynamic Programming
1402,Matrix
1403,String
1403,Dynamic Programming
1404,Linked List
1404,Two Pointers
1404,Stack
1404,Recursion
1405,Database
1406,Math
1408,Array
1408,Binary Search
1409,Array
1409,Bit Manipulation
1409,Breadth-First Search
1409,Matrix
1410,Concurrency
1411,Linked List
1411,Math
1413,Array
1413,Binary Search
1413,Matrix
1413,Prefix Sum
1414,Array
1414,Breadth-First Search
1414,Matrix
1415,Database
1416,Array
1420,Database
1422,Array
1422,Hash Table
1422,Greedy
1422,Sorting
1423,Hash Table
1423,String
1423,Sliding Window
1424,Array
1424,Breadth-First Search
1425,Database
1431,Depth-First Search
1431,Breadth-First Search
1431,Graph
1431,Topological Sort
1432,Tree
1432,Depth-First Search
1432,Breadth-First Search
1432,Binary Tree
1433,Array
1433,Hash Table
1433,String
1433,Design
1433,Trie
1434,String
1436,Array
1436,Hash Table
1436,Breadth-First Search
1436,Sorting
1437,String
1437,Dynamic Programming
1438,Database
1439,Database
1441,Bit Manipulation
1442,Depth-First Search
1442,Breadth-First Search
1442,Union Find
1442,Graph
1443,String
1443,Dynamic Programming
1444,Math
1444,Bit Manipulation
1446,Math
1447,Array
1447,Hash Table
1447,Breadth-First Search
1448,Math
1448,Greedy
1449,Array
1449,String
1449,Simulation
1450,Tree
1450,Depth-First Search
1450,Binary Tree
1451,Array
1451,Dynamic Programming
1451,Greedy
1452,Database
1453,Database
1455,Array
1455,Sorting
1456,Dynamic Programming
1456,Graph
1456,Shortest Path
1457,Array
1457,Dynamic Programming
1458,Array
1458,Bit Manipulation
1458,Sorting
1458,Counting
1460,Hash Table
1460,String
1460,Sliding Window
1461,Math
1461,Dynamic Programming
1461,Combinatorics
1462,Database
1463,Array
1463,Binary Search
1463,Sorting
1463,Heap (Priority Queue)
1463,Matrix
1464,Array
1464,Hash Table
1464,Greedy
1464,Sorting
1464,Heap (Priority Queue)
1465,Tree
1465,Depth-First Search
1465,Binary Tree
1466,Array
1466,Dynamic Programming
1466,Sorting
1467,Database
1470,Hash Table
1470,Binary Search
1470,Design
1470,Sorting
1470,Ordered Set
1471,Array
1471,Dynamic Programming
1471,Bit Manipulation
1471,Matrix
1471,Bitmask
1473,Hash Table
1473,String
1473,Bit Manipulation
1473,Prefix Sum
1475,Dynamic Programming
1475,Tree
1475,Depth-First Search
1475,Binary Search Tree
1475,Binary Tree
1477,Array
1477,Math
1477,Design
1477,Queue
1477,Data Stream
1478,Array
1478,Greedy
1478,Heap (Priority Queue)
1480,Database
1481,Database
1482,Array
1482,Hash Table
1482,Sorting
1482,Counting
1486,Array
1486,Two Pointers
1486,Binary Search
1486,Sorting
1487,Array
1487,Hash Table
1487,Greedy
1487,Bit Manipulation
1488,Dynamic Programming
1488,Memoization
1488,Sorting
1489,Array
1489,Dynamic Programming
1489,Greedy
1489,Heap (Priority Queue)
1491,Array
1492,Tree
1492,Depth-First Search
1492,Breadth-First Search
1493,Tree
1493,Depth-First Search
1493,Breadth-First Search
1493,Graph
1494,Database
1496,Array
1496,Matrix
1497,Array
1497,Stack
1497,Design
1498,Tree
1498,Depth-First Search
1498,Breadth-First Search
1498,Binary Tree
1499,Array
1499,Greedy
1499,Sorting
1499,Heap (Priority Queue)
1502,Hash Table
1502,String
1502,Greedy
1502,Counting
1503,Array
1503,Dynamic Programming
1503,Greedy
1503,Sorting
1504,Database
1505,Array
1505,Simulation
1507,Array
1507,Depth-First Search
1507,Breadth-First Search
1507,Union Find
1507,Matrix
1508,String
1508,Rolling Hash
1508,String Matching
1508,Hash Function
1509,Database
1510,Array
1510,Hash Table
1510,Counting
1512,Hash Table
1512,String
1512,Design
1513,String
1513,Dynamic Programming
1513,String Matching
1514,Array
1514,Prefix Sum
1515,Greedy
1518,Database
1519,Array
1519,Greedy
1519,Sorting
1520,String
1520,Bit Manipulation
1523,Database
1524,String
1524,String Matching
1525,Array
1525,Binary Indexed Tree
1525,Simulation
1526,Hash Table
1526,String
1528,Array
1529,Math
1529,Greedy
1530,String
1530,Greedy
1530,Sorting
1531,Array
1531,Dynamic Programming
1531,Bit Manipulation
1531,Bitmask
1534,String
1534,Counting
1535,Dynamic Programming
1536,Database
1537,String
1539,Array
1539,Sorting
1539,Heap (Priority Queue)
1541,Database
1542,String
1544,Tree
1544,Depth-First Search
1544,Breadth-First Search
1544,Binary Tree
1545,Array
1545,Dynamic Programming
1546,Database
1547,Hash Table
1547,String
1550,Array
1550,Binary Search
1550,Heap (Priority Queue)
1550,Matrix
1551,Database
1552,Array
1552,Stack
1552,Simulation
1553,Array
1553,Hash Table
1553,Math
1553,Bit Manipulation
1553,Prefix Sum
1556,Array
1556,Hash Table
1556,Sorting
1557,Hash Table
1557,String
1557,Bit Manipulation
1557,Rolling Hash
1557,Hash Function
1558,Depth-First Search
1558,Breadth-First Search
1558,Graph
1558,Topological Sort
1559,Array
1559,Dynamic Programming
1559,Matrix
1560,Array
1561,String
1561,Sorting
1562,Array
1562,Hash Table
1562,String
1563,Array
1563,Math
1563,Geometry
1566,String
1566,String Matching
1567,String
1567,Sliding Window
1568,Bit Manipulation
1568,Tree
1568,Depth-First Search
1568,Breadth-First Search
1568,Binary Tree
1569,Array
1569,Dynamic Programming
1572,Array
1572,Design
1572,Matrix
1573,Array
1573,Hash Table
1573,Binary Search
1573,Dynamic Programming
1573,Sliding Window
1574,Array
1574,Sorting
1574,Heap (Priority Queue)
1575,Array
1575,Greedy
1575,Sorting
1576,Depth-First Search
1576,Breadth-First Search
1576,Graph
1577,Math
1577,Dynamic Programming
1577,Backtracking
1577,Combinatorics
1577,Probability and Statistics
1578,Database
1582,Array
1582,Linked List
1582,Stack
1582,Design
1582,Doubly-Linked List
1582,Data Stream
1583,Array
1583,Dynamic Programming
1584,Array
1584,Sorting
1585,Math
1604,Array
1604,Hash Table
1604,Greedy
1604,Sorting
1604,Counting
1605,Array
1605,Binary Search
1608,Database
1609,Tree
1609,Depth-First Search
1609,Breadth-First Search
1609,Binary Tree
1610,Math
1610,Bit Manipulation
1611,Array
1611,Hash Table
1611,String
1615,Array
1615,Two Pointers
1615,Binary Search
1615,Sorting
1616,Array
1616,Greedy
1616,Sorting
1617,Math
1617,Dynamic Programming
1617,Game Theory
1619,Hash Table
1619,String
1620,Array
1620,Hash Table
1620,Counting
1621,Array
1621,Two Pointers
1621,Binary Search
1621,Sorting
1624,Hash Table
1624,Tree
1624,Depth-First Search
1624,Breadth-First Search
1624,Binary Tree
1625,Database
1626,Array
1626,Sorting
1629,String
1629,Greedy
1629,Binary Indexed Tree
1629,Segment Tree
1630,Math
1631,Array
1631,Math
1631,Dynamic Programming
1631,Prefix Sum
1632,String
1632,Dynamic Programming
1632,Bit Manipulation
1636,Math
1636,String
1637,String
1637,Dynamic Programming
1638,Math
1638,Geometry
1638,Randomized
1639,Database
1640,Hash Table
1640,Design
1640,Heap (Priority Queue)
1640,Data Stream
1641,Database
1642,Math
1642,Simulation
1643,Hash Table
1643,Tree
1643,Depth-First Search
1643,Breadth-First Search
1643,Counting
1646,Array
1646,Binary Search
1647,Hash Table
1647,String
1648,String
1648,Stack
1648,Greedy
1652,String
1652,Greedy
1653,Tree
1653,Depth-First Search
1653,Binary Tree
1654,Database
1655,Tree
1655,Depth-First Search
1657,Array
1657,Simulation
1658,Array
1658,Greedy
1658,Matrix
1659,Array
1659,Two Pointers
1659,Dynamic Programming
1659,Greedy
1662,Array
1662,Greedy
1663,Array
1663,Depth-First Search
1663,Breadth-First Search
1663,Union Find
1663,Matrix
1664,Database
1665,Tree
1665,Depth-First Search
1668,Hash Table
1668,String
1668,Bit Manipulation
1669,Array
1669,Dynamic Programming
1671,Database
1672,Array
1672,Binary Search
1672,Interactive
1674,Math
1675,Array
1675,Binary Search
1675,Sorting
1678,Math
1678,String
1679,Array
1679,Two Pointers
1679,Binary Search
1679,Stack
1679,Monotonic Stack
1680,Array
1680,Dynamic Programming
1680,Memoization
1681,Array
1681,Math
1681,Interactive
1684,Array
1684,Binary Search
1684,Simulation
1685,Array
1685,Math
1685,Dynamic Programming
1685,Game Theory
1686,Database
1687,Dynamic Programming
1687,Graph
1688,Database
1689,Array
1689,Enumeration
1690,Array
1690,Dynamic Programming
1690,Greedy
1691,Array
1691,Depth-First Search
1691,Breadth-First Search
1691,Matrix
1691,Strongly Connected Component
1694,Array
1694,Hash Table
1694,Prefix Sum
1695,Array
1695,Greedy
1695,Sorting
1695,Prefix Sum
1696,Array
1696,Graph
1696,Topological Sort
1696,Matrix
1697,Hash Table
1697,String
1697,Rolling Hash
1697,Hash Function
1700,Array
1700,String
1700,Dynamic Programming
1700,Greedy
1701,Union Find
1701,Graph
1702,Database
1703,Array
1703,Greedy
1703,Sorting
1704,Array
1704,Matrix
1705,Array
1705,Simulation
1706,Array
1706,Union Find
1706,Minimum Spanning Tree
1707,String
1707,Greedy
1707,Sorting
1710,Array
1710,Greedy
1710,Heap (Priority Queue)
1710,Ordered Set
1711,Array
1711,Greedy
1711,Matrix
1712,Database
1713,Array
1713,Hash Table
1713,Two Pointers
1713,Design
1716,Array
1716,Dynamic Programming
1716,Matrix
1717,Array
1717,Dynamic Programming
1717,Bit Manipulation
1717,Matrix
1717,Bitmask
1718,Database
1719,Array
1719,Greedy
1719,Sorting
1720,Array
1720,String
1720,Stack
1721,Array
1721,Simulation
1722,Hash Table
1722,Tree
1722,Depth-First Search
1722,Design
1723,Array
1723,Backtracking
1723,Bit Manipulation
1723,Enumeration
1725,Math
1725,Dynamic Programming
1726,Array
1726,Enumeration
1727,Math
1727,Dynamic Programming
1727,Breadth-First Search
1727,Graph
1727,Memoization
1727,Game Theory
1728,Math
1728,Design
1728,Segment Tree
1732,Dynamic Programming
1732,Bit Manipulation
1732,Memoization
1733,Array
1733,Math
1733,Geometry
1733,Sliding Window
1733,Sorting
1734,Database
1735,Database
1736,String
1736,Stack
1736,Tree
1736,Binary Tree
1737,String
1737,Stack
1738,Graph
1739,Two Pointers
1739,String
1739,Greedy
1742,Array
1742,Sorting
1743,Hash Table
1743,String
1743,Dynamic Programming
1744,Array
1744,String
1744,Dynamic Programming
1745,Tree
1745,Breadth-First Search
1745,Binary Tree
1748,Array
1748,Dynamic Programming
1748,Sorting
1749,Database
1750,Tree
1750,Depth-First Search
1750,Binary Tree
1751,Array
1751,String
1752,Array
1752,Sorting
1753,Array
1753,Binary Search
1753,Depth-First Search
1753,Breadth-First Search
1753,Union Find
1753,Heap (Priority Queue)
1753,Matrix
1755,Array
1758,Array
1758,Dynamic Programming
1758,Backtracking
1758,Bit Manipulation
1758,Bitmask
1759,Database
1760,Array
1760,Hash Table
1761,Dynamic Programming
1763,Database
1764,String
1764,String Matching
1765,Linked List
1766,Array
1766,Binary Search
1766,Dynamic Programming
1766,Greedy
1768,Math
1768,Stack
1768,Tree
1768,Design
1768,Binary Tree
1769,Array
1769,Dynamic Programming
1769,Simulation
1770,String
1770,Greedy
1770,Sorting
1771,Array
1771,Math
1771,Binary Search
1771,Greedy
1771,Sorting
1771,Heap (Priority Queue)
1773,Database
1774,Linked List
1774,Math
1774,Two Pointers
1775,Array
1775,Hash Table
1775,Design
1775,Data Stream
1776,Array
1776,Hash Table
1776,Binary Search
1776,Sliding Window
1776,Prefix Sum
1779,Database
1780,Tree
1780,Depth-First Search
1780,Binary Tree
1781,Array
1781,String
1782,String
1782,Greedy
1784,Array
1784,Greedy
1784,Sorting
1785,Database
1786,Array
1786,Hash Table
1786,String
1786,Bit Manipulation
1787,Array
1787,Math
1787,Prefix Sum
1790,Hash Table
1790,Tree
1790,Binary Tree
1791,Array
1791,Matrix
1792,Array
1792,Stack
1792,Greedy
1792,Monotonic Stack
1793,Array
1793,Hash Table
1793,Prefix Sum
1796,Hash Table
1796,Tree
1796,Depth-First Search
1796,Breadth-First Search
1796,Binary Tree
1798,Array
1798,Hash Table
1798,Two Pointers
1798,Sorting
1799,Array
1799,Dynamic Programming
1799,Bit Manipulation
1799,Bitmask
1800,Math
1800,Bit Manipulation
1800,Simulation
1801,Database
1802,Array
1802,Stack
1802,Queue
1802,Simulation
1805,Array
1805,Greedy
1805,Sliding Window
1805,Prefix Sum
1806,Math
1806,Simulation
1807,String
1807,Greedy
1808,Array
1808,Math
1808,Dynamic Programming
1808,Game Theory
1812,String
1813,Array
1813,Hash Table
1813,Sliding Window
1814,Array
1814,Dynamic Programming
1814,Queue
1814,Sliding Window
1814,Heap (Priority Queue)
1814,Monotonic Queue
1815,Array
1815,Union Find
1815,Graph
1815,Sorting
1816,Tree
1816,Depth-First Search
1816,Binary Tree
1817,Math
1818,String
1818,Stack
1818,Greedy
1819,Array
1819,Backtracking
1822,String
1822,Dynamic Programming
1823,String
1823,Counting
1824,Array
1824,Greedy
1824,Heap (Priority Queue)
1827,Database
1828,Dynamic Programming
1829,Array
1829,Greedy
1829,Sorting
1830,Array
1830,Hash Table
1832,Array
1832,Hash Table
1832,Binary Search
1832,Greedy
1833,Array
1833,Prefix Sum
1834,Array
1834,Greedy
1835,Array
1835,Bit Manipulation
1837,Database
1838,String
1838,Trie
1838,Rolling Hash
1838,Suffix Array
1838,Hash Function
1839,Array
1839,Bit Manipulation
1840,Array
1840,Depth-First Search
1840,Union Find
1844,Hash Table
1844,Math
1844,Counting
1847,Array
1847,Greedy
1848,Array
1848,Hash Table
1848,Counting
1849,Array
1849,Dynamic Programming
1850,Two Pointers
1850,String
1851,Array
1851,Binary Search
1851,Dynamic Programming
1859,Hash Table
1859,String
1859,Counting
1859,Prefix Sum
1860,Array
1860,Divide and Conquer
1860,Bit Manipulation
1860,Heap (Priority Queue)
1860,Matrix
1860,Prefix Sum
1860,Quickselect
1861,Math
1861,Binary Search
1861,Greedy
1862,Database
1866,Array
1866,Hash Table
1871,String
1871,Dynamic Programming
1872,Array
1872,Prefix Sum
1876,Array
1876,Breadth-First Search
1876,Matrix
1877,Database
1878,Array
1879,Math
1879,Greedy
1879,Heap (Priority Queue)
1880,Two Pointers
1880,String
1880,Greedy
1881,Array
1881,Two Pointers
1881,Dynamic Programming
1881,Bit Manipulation
1881,Bitmask
1882,Database
1883,Hash Table
1883,Tree
1883,Depth-First Search
1883,Breadth-First Search
1883,Binary Tree
1884,String
1886,Array
1886,Binary Search
1887,Graph
1888,Array
1889,Math
1893,Array
1893,Dynamic Programming
1894,Two Pointers
1894,String
1895,Array
1895,String
1896,Array
1896,Dynamic Programming
1897,String
1897,Dynamic Programming
1898,Database
1899,Array
1899,String
1900,Array
1900,Dynamic Programming
1900,Backtracking
1901,Array
1901,Hash Table
1901,Greedy
1901,Counting
1903,Array
1903,Hash Table
1903,Stack
1903,Design
1903,Binary Indexed Tree
1903,Ordered Set
1904,Hash Table
1904,String
1905,Hash Table
1905,Design
1906,Array
1906,Math
1906,Dynamic Programming
1906,Backtracking
1906,Bit Manipulation
1906,Number Theory
1906,Bitmask
1909,Array
1909,Stack
1909,Monotonic Stack
1910,String
1911,Array
1911,Greedy
1913,Array
1913,Dynamic Programming
1913,Bit Manipulation
1914,Database
1915,Hash Table
1915,String
1915,Counting
1916,Graph
1920,Math
1920,String
1925,Array
1925,Hash Table
1925,Math
1925,Counting
1926,Database
1927,Array
1928,Array
1928,Heap (Priority Queue)
1928,Simulation
1929,Binary Search
1929,Greedy
1930,Array
1930,Greedy
1931,Depth-First Search
1931,Breadth-First Search
1931,Graph
1931,Interactive
1932,Database
1935,Array
1935,Math
1935,Simulation
1936,Math
1936,Recursion
1937,Array
1937,Greedy
1937,Prefix Sum
1941,Math
1941,String
1941,Combinatorics
1942,Database
1943,Hash Table
1943,String
1943,Greedy
1944,Array
1944,String
1945,Array
1945,Hash Table
1946,Array
1946,Binary Search
1946,Sorting
1946,Ordered Set
1947,Array
1947,Math
1947,Counting
1947,Number Theory
1948,Database
1952,Array
1952,Dynamic Programming
1952,Greedy
1953,Design
1953,Queue
1953,Heap (Priority Queue)
1953,Ordered Set
1954,String
1955,Design
1955,Heap (Priority Queue)
1957,Array
1957,Binary Search
1957,Sorting
1958,Database
1959,Depth-First Search
1959,Breadth-First Search
1959,Graph
1959,Heap (Priority Queue)
1959,Interactive
1960,Hash Table
1960,String
1961,Array
1961,Greedy
1961,Sorting
1962,Array
1962,Sorting
1962,Heap (Priority Queue)
1963,Array
1963,Math
1963,Bit Manipulation
1964,Database
1967,String
1967,Sliding Window
1968,Array
1968,Math
1969,Array
1969,Backtracking
1969,Matrix
1970,String
1970,Sorting
1971,Simulation
1974,Database
1975,Array
1976,String
1976,Backtracking
1977,Array
1977,Binary Search
1977,Line Sweep
1977,Sorting
1977,Heap (Priority Queue)
1979,Array
1979,Greedy
1980,Array
1980,Two Pointers
1981,Database
1982,Hash Table
1982,Linked List
1984,Array
1984,Two Pointers
1984,Binary Search
1984,Greedy
1985,Array
1985,Stack
1985,Monotonic Stack
1985,Prefix Sum
1986,Hash Table
1986,Dynamic Programming
1986,Graph
1986,Topological Sort
1986,Memoization
1986,Counting
1987,Hash Table
1987,String
1987,Sliding Window
1987,Counting
1991,Database
1992,Linked List
1992,Two Pointers
1992,Sorting
1994,String
1994,Greedy
1995,Array
1995,Hash Table
1995,Design
1996,Math
1996,Dynamic Programming
1996,Combinatorics
1997,Two Pointers
1997,String
2000,Array
2000,Binary Search
2001,Two Pointers
2001,String
2001,Prefix Sum
2002,Array
2002,Math
2002,Dynamic Programming
2002,Prefix Sum
2002,Game Theory
2003,Array
2003,Hash Table
2003,Sliding Window
2006,Array
2006,Binary Search
2006,Simulation
2006,Prefix Sum
2008,Math
2008,String
2008,Dynamic Programming
2008,Stack
2009,Depth-First Search
2009,Trie
2011,String
2011,Greedy
2012,Array
2012,Heap (Priority Queue)
2014,Database
2016,Array
2016,Sorting
2017,String
2017,Greedy
2018,Array
2018,Binary Search
2018,Sorting
2018,Prefix Sum
2019,Array
2019,Two Pointers
2022,Array
2022,Dynamic Programming
2023,Array
2023,Hash Table
2023,Design
2023,Heap (Priority Queue)
2023,Ordered Set
2024,Database
2025,Hash Table
2025,String
2025,Counting
2027,Array
2027,String
2027,Binary Search
2028,Dynamic Programming
2028,Memoization
2029,Array
2029,Greedy
2029,Sorting
2030,Database
2032,Math
2032,String
2032,Greedy
2033,Math
2033,String
2035,Array
2035,Depth-First Search
2035,Breadth-First Search
2035,Union Find
2035,Matrix
2037,Math
2037,Enumeration
2038,Array
2038,Breadth-First Search
2038,Matrix
2039,Math
2039,Greedy
2039,Game Theory
2040,Dynamic Programming
2040,Graph
2042,Array
2042,Sorting
2044,Hash Table
2044,String
2044,Bit Manipulation
2044,Prefix Sum
2045,Array
2045,Binary Search
2047,Array
2047,Binary Search
2047,Divide and Conquer
2047,Matrix
2048,Array
2048,Simulation
2049,Array
2049,Greedy
2049,Sorting
2050,Math
2050,Recursion
2053,Hash Table
2053,String
2053,Counting
2054,Array
2054,Heap (Priority Queue)
2054,Ordered Set
2055,Array
2055,Prefix Sum
2057,Database
2058,Array
2059,Hash Table
2059,String
2059,Prefix Sum
2060,Hash Table
2060,Binary Search
2060,Tree
2060,Depth-First Search
2060,Binary Tree
2062,Array
2062,Math
2062,Dynamic Programming
2062,Bit Manipulation
2062,Brainteaser
2062,Game Theory
2063,Database
2064,Database
2068,Array
2068,Bit Manipulation
2068,Trie
2070,String
2071,Array
2071,Hash Table
2071,Counting
2073,Array
2073,Math
2073,Binary Search
2073,Geometry
2073,Enumeration
2074,Array
2074,Math
2074,Geometry
2075,Array
2075,Prefix Sum
2075,Ordered Set
2076,String
2076,Simulation
2078,Array
2078,Dynamic Programming
2078,Backtracking
2078,Bit Manipulation
2078,Bitmask
2079,Array
2079,Hash Table
2079,String
2079,Trie
2079,Hash Function
2081,Array
2081,Dynamic Programming
2085,Array
2085,Greedy
2085,Sorting
2086,Array
2086,Dynamic Programming
2087,Database
2088,String
2088,Greedy
2089,Array
2089,Greedy
2089,Matrix
2090,Dynamic Programming
2090,Graph
2090,Topological Sort
2090,Shortest Path
2091,String
2091,Dynamic Programming
2091,Suffix Array
2092,Database
2094,Array
2094,Heap (Priority Queue)
2095,Two Pointers
2095,String
2095,Stack
2095,Greedy
2096,Array
2096,Binary Search
2096,Binary Indexed Tree
2097,Database
2099,String
2100,Math
2100,Greedy
2100,Recursion
2101,Array
2101,Binary Search
2101,Depth-First Search
2101,Breadth-First Search
2101,Union Find
2101,Matrix
2103,Array
2103,Depth-First Search
2103,Breadth-First Search
2103,Matrix
2104,Hash Table
2104,Tree
2104,Breadth-First Search
2104,Design
2105,Array
2105,Math
2105,Dynamic Programming
2105,Bit Manipulation
2105,Bitmask
2106,Array
2106,Math
2106,Number Theory
2108,Array
2108,Dynamic Programming
2108,Matrix
2109,Array
2109,Divide and Conquer
2110,Database
2111,Array
2111,Binary Search
2114,Array
2114,Dynamic Programming
2114,Backtracking
2114,Bit Manipulation
2114,Bitmask
2115,String
2115,Dynamic Programming
2116,Array
2116,Hash Table
2116,Counting
2117,Array
2117,Hash Table
2117,Greedy
2117,Sorting
2119,Array
2119,Binary Search
2120,Database
2121,Depth-First Search
2121,Breadth-First Search
2121,Graph
2122,Array
2122,Enumeration
2124,Array
2124,Dynamic Programming
2125,Array
2125,Math
2125,Union Find
2125,Sorting
2126,Tree
2126,Depth-First Search
2126,Binary Search Tree
2126,Binary Tree
2127,Database
2129,Array
2129,Hash Table
2129,Math
2129,Counting
2129,Number Theory
2130,String
2130,Dynamic Programming
2130,Backtracking
2130,Bit Manipulation
2130,Bitmask
2131,Dynamic Programming
2131,Tree
2131,Depth-First Search
2131,Union Find
2132,Array
2132,Matrix
2132,Simulation
2133,Array
2133,String
2134,String
2134,Binary Search
2134,Sliding Window
2134,Prefix Sum
2135,Array
2135,Hash Table
2135,Counting
2135,Enumeration
2135,Prefix Sum
2136,Database
2138,Array
2139,Array
2139,Hash Table
2139,Design
2139,Counting
2140,String
2140,Backtracking
2140,Greedy
2140,Counting
2140,Enumeration
2141,Math
2141,Enumeration
2144,Array
2145,Array
2145,Matrix
2145,Prefix Sum
2146,Array
2146,Matrix
2146,Enumeration
2147,Array
2147,Math
2147,String
2147,Dynamic Programming
2147,Stack
2147,Memoization
2148,Array
2148,Sorting
2149,Math
2149,String
2149,Greedy
2149,Game Theory
2150,Array
2150,Binary Search
2151,Array
2151,Breadth-First Search
2151,Graph
2154,String
2154,Greedy
2155,Array
2155,Math
2155,Simulation
2156,Array
2156,Math
2156,Greedy
2156,Counting
2156,Game Theory
2160,Array
2160,Math
2160,Sorting
2160,Matrix
2161,Hash Table
2161,Design
2161,Heap (Priority Queue)
2161,Data Stream
2161,Ordered Set
2162,Array
2162,Two Pointers
2162,Binary Search
2162,Dynamic Programming
2162,Bit Manipulation
2162,Ordered Set
2162,Bitmask
2163,Array
2163,Hash Table
2163,String
2163,Counting
2164,Array
2164,Binary Search
2164,Dynamic Programming
2164,Sorting
2164,Heap (Priority Queue)
2165,Array
2165,String
2165,Binary Search
2165,Prefix Sum
2167,Database
2169,Array
2169,Hash Table
2169,Design
2169,Simulation
2170,Array
2170,Backtracking
2170,Bit Manipulation
2171,Breadth-First Search
2171,Graph
2171,Shortest Path
2172,Database
2176,Dynamic Programming
2176,Graph
2176,Topological Sort
2177,Hash Table
2177,String
2177,Counting
2178,Design
2178,Simulation
2179,Array
2179,Binary Search
2179,Sorting
2180,Array
2180,Binary Search
2180,Greedy
2180,Queue
2180,Sorting
2180,Monotonic Queue
2181,Array
2182,Linked List
2183,Array
2183,Breadth-First Search
2185,Database
2186,Hash Table
2186,String
2187,Math
2187,String
2187,Dynamic Programming
2187,Combinatorics
2188,Array
2188,Binary Search
2190,Array
2190,Hash Table
2190,String
2190,Counting
2191,String
2191,Dynamic Programming
2191,Greedy
2192,Array
2192,Greedy
2192,Matrix
2193,Array
2193,Dynamic Programming
2193,Matrix
2194,Database
2195,Array
2195,Queue
2195,Simulation
2196,Linked List
2197,String
2197,Simulation
2200,Array
2200,Greedy
2200,Matrix
2200,Prefix Sum
2201,Depth-First Search
2201,Graph
2201,Eulerian Circuit
2202,Math
2202,Enumeration
2203,Array
2203,Matrix
2203,Simulation
2206,Array
2206,Math
2206,Depth-First Search
2206,Breadth-First Search
2206,Graph
2206,Geometry
2207,Design
2207,Heap (Priority Queue)
2207,Data Stream
2207,Ordered Set
2208,Database
2209,String
2209,Counting
2209,Prefix Sum
2210,Array
2210,Binary Search
2210,Sorting
2211,Array
2211,Sliding Window
2212,Array
2212,Greedy
2215,Array
2215,Hash Table
2215,Sorting
2215,Enumeration
2216,Linked List
2216,Two Pointers
2217,String
2217,Tree
2217,Depth-First Search
2217,Binary Tree
2218,Graph
2220,Array
2220,Hash Table
2220,String
2220,Graph
2220,Topological Sort
2221,String
2221,Stack
2221,Greedy
2222,Math
2223,Database
2224,Database
2225,Hash Table
2225,Math
2225,String
2225,Counting
2225,Prefix Sum
2226,Hash Table
2226,String
2231,Array
2231,Two Pointers
2231,String
2232,Array
2232,String
2232,Simulation
2233,Array
2233,Math
2233,Dynamic Programming
2234,Array
2234,Binary Search
2235,String
2236,Linked List
2236,Two Pointers
2236,Stack
2239,String
2239,Simulation
2240,Array
2240,Hash Table
2240,Prefix Sum
2242,Array
2242,Greedy
2242,Sorting
2243,String
2244,Array
2244,Math
2244,String
2244,Matrix
2245,Array
2245,Greedy
2245,Sorting
2246,Depth-First Search
2246,Graph
2246,Topological Sort
2248,Array
2248,Greedy
2248,Sorting
2249,Array
2249,Prefix Sum
2250,Array
2250,Breadth-First Search
2250,Sorting
2250,Heap (Priority Queue)
2250,Matrix
2251,Math
2251,String
2251,Dynamic Programming
2255,Array
2255,Sliding Window
2256,Array
2256,Hash Table
2256,String
2256,Bit Manipulation
2256,Sorting
2257,Array
2257,Greedy
2257,Sorting
2258,Array
2259,Array
2259,Graph
2259,Matrix
2260,String
2260,Simulation
2261,Array
2262,Array
2262,Dynamic Programming
2264,Math
2264,Greedy
2264,Sorting
2265,Array
2265,Two Pointers
2265,Simulation
2266,Math
2266,Enumeration
2267,Array
2267,Dynamic Programming
2267,Heap (Priority Queue)
2269,Array
2269,Sorting
2270,Array
2270,Hash Table
2270,Counting
2271,Array
2271,Two Pointers
2271,Simulation
2272,Array
2272,Backtracking
2272,Bit Manipulation
2272,Enumeration
2273,Array
2273,Binary Search
2274,Array
2274,Hash Table
2274,Sorting
2274,Simulation
2275,String
2275,Sliding Window
2275,Rolling Hash
2275,Hash Function
2278,Math
2278,Simulation
2279,Math
2279,Greedy
2280,Array
2280,Binary Search
2280,Divide and Conquer
2280,Binary Indexed Tree
2280,Segment Tree
2280,Merge Sort
2280,Ordered Set
2281,Database
2283,Array
2283,Sorting
2284,Math
2284,Sorting
2285,Array
2285,Hash Table
2285,Design
2287,Array
2287,Hash Table
2287,Math
2287,Dynamic Programming
2287,Backtracking
2287,Bit Manipulation
2287,Geometry
2287,Bitmask
2288,Math
2288,Simulation
2289,Array
2289,Hash Table
2289,Greedy
2289,Counting
2290,Array
2290,Sorting
2290,Prefix Sum
2293,Hash Table
2293,String
2293,Counting
2294,Array
2294,Binary Search
2295,Array
2295,Dynamic Programming
2299,Linked List
2299,Simulation
2300,String
2300,Greedy
2300,Heap (Priority Queue)
2300,Counting
2301,Array
2301,Math
2301,Number Theory
2302,Database
2303,Hash Table
2303,String
2303,Rolling Hash
2303,Counting
2303,Hash Function
2304,String
2305,Array
2305,Math
2305,Greedy
2305,Sorting
2306,Array
2306,Hash Table
2306,Tree
2306,Depth-First Search
2306,Breadth-First Search
2306,Binary Tree
2309,String
2309,Greedy
2309,Prefix Sum
2310,Array
2310,Greedy
2310,Heap (Priority Queue)
2311,String
2311,Dynamic Programming
2311,Prefix Sum
2312,Array
2312,Hash Table
2312,Counting
2315,Database
2316,Array
2317,String
2317,Stack
2318,Array
2318,Bit Manipulation
2318,Recursion
2318,Enumeration
2319,Array
2319,String
2319,Segment Tree
2319,Ordered Set
2320,Array
2321,Graph
2321,Shortest Path
2322,Array
2322,Dynamic Programming
2322,Bit Manipulation
2322,Bitmask
2325,String
2325,Dynamic Programming
2325,Prefix Sum
2326,String
2326,Binary Search
2326,Rolling Hash
2326,Suffix Array
2326,String Matching
2326,Hash Function
2327,Sorting
2327,Heap (Priority Queue)
2328,String
2328,Enumeration
2335,Database
2354,Array
2354,Greedy
2354,Prefix Sum
2369,Array
2369,Prefix Sum
2370,Database
2383,Math
2384,Tree
2384,Binary Tree
